,Year,Quarter,LGA,Sex,Age_Gr,TB_Cases
0,2022,1,Birni – Gwari,Male,0-4,0
1,2022,1,Birni – Gwari,Female,0-4,0
2,2022,2,Birni – Gwari,Male,0-4,0
3,2022,2,Birni – Gwari,Female,0-4,0
4,2022,3,Birni – Gwari,Male,0-4,0
5,2022,3,Birni – Gwari,Female,0-4,0
6,2022,4,Birni – Gwari,Male,0-4,2
7,2022,4,Birni – Gwari,Female,0-4,1
8,2022,1,Chikun,Male,0-4,0
9,2022,1,Chikun,Female,0-4,1
10,2022,2,Chikun,Male,0-4,0
11,2022,2,Chikun,Female,0-4,1
12,2022,3,Chikun,Male,0-4,2
13,2022,3,Chikun,Female,0-4,2
14,2022,4,Chikun,Male,0-4,1
15,2022,4,Chikun,Female,0-4,1
16,2022,1,Giwa,Male,0-4,5
17,2022,1,Giwa,Female,0-4,3
18,2022,2,Giwa,Male,0-4,15
19,2022,2,Giwa,Female,0-4,4
20,2022,3,Giwa,Male,0-4,28
21,2022,3,Giwa,Female,0-4,43
22,2022,4,Giwa,Male,0-4,14
23,2022,4,Giwa,Female,0-4,8
24,2022,1,Igabi,Male,0-4,1
25,2022,1,Igabi,Female,0-4,0
26,2022,2,Igabi,Male,0-4,0
27,2022,2,Igabi,Female,0-4,2
28,2022,3,Igabi,Male,0-4,3
29,2022,3,Igabi,Female,0-4,1
30,2022,4,Igabi,Male,0-4,4
31,2022,4,Igabi,Female,0-4,5
32,2022,1,Ikara,Male,0-4,0
33,2022,1,Ikara,Female,0-4,0
34,2022,2,Ikara,Male,0-4,0
35,2022,2,Ikara,Female,0-4,1
36,2022,3,Ikara,Male,0-4,0
37,2022,3,Ikara,Female,0-4,0
38,2022,4,Ikara,Male,0-4,9
39,2022,4,Ikara,Female,0-4,7
40,2022,1,Jaba,Male,0-4,0
41,2022,1,Jaba,Female,0-4,0
42,2022,2,Jaba,Male,0-4,0
43,2022,2,Jaba,Female,0-4,0
44,2022,3,Jaba,Male,0-4,0
45,2022,3,Jaba,Female,0-4,0
46,2022,4,Jaba,Male,0-4,0
47,2022,4,Jaba,Female,0-4,0
48,2022,1,Jema'a,Male,0-4,0
49,2022,1,Jema'a,Female,0-4,0
50,2022,2,Jema'a,Male,0-4,0
51,2022,2,Jema'a,Female,0-4,0
52,2022,3,Jema'a,Male,0-4,0
53,2022,3,Jema'a,Female,0-4,0
54,2022,4,Jema'a,Male,0-4,0
55,2022,4,Jema'a,Female,0-4,0
56,2022,1,Kachia,Male,0-4,0
57,2022,1,Kachia,Female,0-4,0
58,2022,2,Kachia,Male,0-4,0
59,2022,2,Kachia,Female,0-4,0
60,2022,3,Kachia,Male,0-4,2
61,2022,3,Kachia,Female,0-4,2
62,2022,4,Kachia,Male,0-4,0
63,2022,4,Kachia,Female,0-4,0
64,2022,1,Kaduna North,Male,0-4,12
65,2022,1,Kaduna North,Female,0-4,13
66,2022,2,Kaduna North,Male,0-4,12
67,2022,2,Kaduna North,Female,0-4,10
68,2022,3,Kaduna North,Male,0-4,21
69,2022,3,Kaduna North,Female,0-4,16
70,2022,4,Kaduna North,Male,0-4,18
71,2022,4,Kaduna North,Female,0-4,16
72,2022,1,Kaduna South,Male,0-4,2
73,2022,1,Kaduna South,Female,0-4,1
74,2022,2,Kaduna South,Male,0-4,2
75,2022,2,Kaduna South,Female,0-4,3
76,2022,3,Kaduna South,Male,0-4,6
77,2022,3,Kaduna South,Female,0-4,2
78,2022,4,Kaduna South,Male,0-4,2
79,2022,4,Kaduna South,Female,0-4,6
80,2022,1,Kagarko,Male,0-4,0
81,2022,1,Kagarko,Female,0-4,0
82,2022,2,Kagarko,Male,0-4,0
83,2022,2,Kagarko,Female,0-4,0
84,2022,3,Kagarko,Male,0-4,0
85,2022,3,Kagarko,Female,0-4,0
86,2022,4,Kagarko,Male,0-4,0
87,2022,4,Kagarko,Female,0-4,0
88,2022,1,Kajuru,Male,0-4,0
89,2022,1,Kajuru,Female,0-4,0
90,2022,2,Kajuru,Male,0-4,0
91,2022,2,Kajuru,Female,0-4,0
92,2022,3,Kajuru,Male,0-4,0
93,2022,3,Kajuru,Female,0-4,0
94,2022,4,Kajuru,Male,0-4,0
95,2022,4,Kajuru,Female,0-4,0
96,2022,1,Kaura,Male,0-4,0
97,2022,1,Kaura,Female,0-4,0
98,2022,2,Kaura,Male,0-4,0
99,2022,2,Kaura,Female,0-4,0
100,2022,3,Kaura,Male,0-4,0
101,2022,3,Kaura,Female,0-4,0
102,2022,4,Kaura,Male,0-4,0
103,2022,4,Kaura,Female,0-4,0
104,2022,1,Kauru,Male,0-4,0
105,2022,1,Kauru,Female,0-4,0
106,2022,2,Kauru,Male,0-4,0
107,2022,2,Kauru,Female,0-4,0
108,2022,3,Kauru,Male,0-4,20
109,2022,3,Kauru,Female,0-4,5
110,2022,4,Kauru,Male,0-4,0
111,2022,4,Kauru,Female,0-4,2
112,2022,1,Kubau,Male,0-4,0
113,2022,1,Kubau,Female,0-4,0
114,2022,2,Kubau,Male,0-4,1
115,2022,2,Kubau,Female,0-4,1
116,2022,3,Kubau,Male,0-4,1
117,2022,3,Kubau,Female,0-4,1
118,2022,4,Kubau,Male,0-4,2
119,2022,4,Kubau,Female,0-4,3
120,2022,1,Kudan,Male,0-4,0
121,2022,1,Kudan,Female,0-4,0
122,2022,2,Kudan,Male,0-4,1
123,2022,2,Kudan,Female,0-4,1
124,2022,3,Kudan,Male,0-4,3
125,2022,3,Kudan,Female,0-4,4
126,2022,4,Kudan,Male,0-4,0
127,2022,4,Kudan,Female,0-4,6
128,2022,1,Lere,Male,0-4,0
129,2022,1,Lere,Female,0-4,0
130,2022,2,Lere,Male,0-4,0
131,2022,2,Lere,Female,0-4,0
132,2022,3,Lere,Male,0-4,1
133,2022,3,Lere,Female,0-4,0
134,2022,4,Lere,Male,0-4,1
135,2022,4,Lere,Female,0-4,0
136,2022,1,Makarfi,Male,0-4,1
137,2022,1,Makarfi,Female,0-4,1
138,2022,2,Makarfi,Male,0-4,1
139,2022,2,Makarfi,Female,0-4,1
140,2022,3,Makarfi,Male,0-4,0
141,2022,3,Makarfi,Female,0-4,6
142,2022,4,Makarfi,Male,0-4,4
143,2022,4,Makarfi,Female,0-4,2
144,2022,1,Sabon – Gari,Male,0-4,0
145,2022,1,Sabon – Gari,Female,0-4,2
146,2022,2,Sabon – Gari,Male,0-4,1
147,2022,2,Sabon – Gari,Female,0-4,0
148,2022,3,Sabon – Gari,Male,0-4,0
149,2022,3,Sabon – Gari,Female,0-4,0
150,2022,4,Sabon – Gari,Male,0-4,4
151,2022,4,Sabon – Gari,Female,0-4,1
152,2022,1,Sanga,Male,0-4,0
153,2022,1,Sanga,Female,0-4,0
154,2022,2,Sanga,Male,0-4,0
155,2022,2,Sanga,Female,0-4,0
156,2022,3,Sanga,Male,0-4,0
157,2022,3,Sanga,Female,0-4,0
158,2022,4,Sanga,Male,0-4,0
159,2022,4,Sanga,Female,0-4,0
160,2022,1,Soba,Male,0-4,0
161,2022,1,Soba,Female,0-4,1
162,2022,2,Soba,Male,0-4,0
163,2022,2,Soba,Female,0-4,0
164,2022,3,Soba,Male,0-4,1
165,2022,3,Soba,Female,0-4,0
166,2022,4,Soba,Male,0-4,0
167,2022,4,Soba,Female,0-4,0
168,2022,1,Zangon – Kataf,Male,0-4,0
169,2022,1,Zangon – Kataf,Female,0-4,0
170,2022,2,Zangon – Kataf,Male,0-4,0
171,2022,2,Zangon – Kataf,Female,0-4,0
172,2022,3,Zangon – Kataf,Male,0-4,0
173,2022,3,Zangon – Kataf,Female,0-4,0
174,2022,4,Zangon – Kataf,Male,0-4,0
175,2022,4,Zangon – Kataf,Female,0-4,0
176,2022,1,Zaria,Male,0-4,10
177,2022,1,Zaria,Female,0-4,3
178,2022,2,Zaria,Male,0-4,5
179,2022,2,Zaria,Female,0-4,3
180,2022,3,Zaria,Male,0-4,21
181,2022,3,Zaria,Female,0-4,32
182,2022,4,Zaria,Male,0-4,32
183,2022,4,Zaria,Female,0-4,23
184,2022,1,Birni – Gwari,Male,5-14,0
185,2022,1,Birni – Gwari,Female,5-14,0
186,2022,2,Birni – Gwari,Male,5-14,0
187,2022,2,Birni – Gwari,Female,5-14,0
188,2022,3,Birni – Gwari,Male,5-14,0
189,2022,3,Birni – Gwari,Female,5-14,1
190,2022,4,Birni – Gwari,Male,5-14,2
191,2022,4,Birni – Gwari,Female,5-14,5
192,2022,1,Chikun,Male,5-14,0
193,2022,1,Chikun,Female,5-14,1
194,2022,2,Chikun,Male,5-14,0
195,2022,2,Chikun,Female,5-14,3
196,2022,3,Chikun,Male,5-14,3
197,2022,3,Chikun,Female,5-14,3
198,2022,4,Chikun,Male,5-14,5
199,2022,4,Chikun,Female,5-14,4
200,2022,1,Giwa,Male,5-14,9
201,2022,1,Giwa,Female,5-14,2
202,2022,2,Giwa,Male,5-14,7
203,2022,2,Giwa,Female,5-14,5
204,2022,3,Giwa,Male,5-14,25
205,2022,3,Giwa,Female,5-14,23
206,2022,4,Giwa,Male,5-14,73
207,2022,4,Giwa,Female,5-14,73
208,2022,1,Igabi,Male,5-14,10
209,2022,1,Igabi,Female,5-14,6
210,2022,2,Igabi,Male,5-14,4
211,2022,2,Igabi,Female,5-14,1
212,2022,3,Igabi,Male,5-14,7
213,2022,3,Igabi,Female,5-14,3
214,2022,4,Igabi,Male,5-14,4
215,2022,4,Igabi,Female,5-14,3
216,2022,1,Ikara,Male,5-14,2
217,2022,1,Ikara,Female,5-14,1
218,2022,2,Ikara,Male,5-14,0
219,2022,2,Ikara,Female,5-14,0
220,2022,3,Ikara,Male,5-14,1
221,2022,3,Ikara,Female,5-14,1
222,2022,4,Ikara,Male,5-14,5
223,2022,4,Ikara,Female,5-14,13
224,2022,1,Jaba,Male,5-14,0
225,2022,1,Jaba,Female,5-14,0
226,2022,2,Jaba,Male,5-14,0
227,2022,2,Jaba,Female,5-14,0
228,2022,3,Jaba,Male,5-14,0
229,2022,3,Jaba,Female,5-14,0
230,2022,4,Jaba,Male,5-14,0
231,2022,4,Jaba,Female,5-14,0
232,2022,1,Jema'a,Male,5-14,0
233,2022,1,Jema'a,Female,5-14,1
234,2022,2,Jema'a,Male,5-14,1
235,2022,2,Jema'a,Female,5-14,0
236,2022,3,Jema'a,Male,5-14,4
237,2022,3,Jema'a,Female,5-14,2
238,2022,4,Jema'a,Male,5-14,0
239,2022,4,Jema'a,Female,5-14,0
240,2022,1,Kachia,Male,5-14,0
241,2022,1,Kachia,Female,5-14,0
242,2022,2,Kachia,Male,5-14,0
243,2022,2,Kachia,Female,5-14,0
244,2022,3,Kachia,Male,5-14,2
245,2022,3,Kachia,Female,5-14,1
246,2022,4,Kachia,Male,5-14,0
247,2022,4,Kachia,Female,5-14,0
248,2022,1,Kaduna North,Male,5-14,21
249,2022,1,Kaduna North,Female,5-14,14
250,2022,2,Kaduna North,Male,5-14,13
251,2022,2,Kaduna North,Female,5-14,11
252,2022,3,Kaduna North,Male,5-14,23
253,2022,3,Kaduna North,Female,5-14,21
254,2022,4,Kaduna North,Male,5-14,38
255,2022,4,Kaduna North,Female,5-14,30
256,2022,1,Kaduna South,Male,5-14,4
257,2022,1,Kaduna South,Female,5-14,9
258,2022,2,Kaduna South,Male,5-14,4
259,2022,2,Kaduna South,Female,5-14,2
260,2022,3,Kaduna South,Male,5-14,4
261,2022,3,Kaduna South,Female,5-14,6
262,2022,4,Kaduna South,Male,5-14,4
263,2022,4,Kaduna South,Female,5-14,9
264,2022,1,Kagarko,Male,5-14,0
265,2022,1,Kagarko,Female,5-14,0
266,2022,2,Kagarko,Male,5-14,0
267,2022,2,Kagarko,Female,5-14,0
268,2022,3,Kagarko,Male,5-14,0
269,2022,3,Kagarko,Female,5-14,0
270,2022,4,Kagarko,Male,5-14,0
271,2022,4,Kagarko,Female,5-14,1
272,2022,1,Kajuru,Male,5-14,0
273,2022,1,Kajuru,Female,5-14,0
274,2022,2,Kajuru,Male,5-14,0
275,2022,2,Kajuru,Female,5-14,0
276,2022,3,Kajuru,Male,5-14,4
277,2022,3,Kajuru,Female,5-14,2
278,2022,4,Kajuru,Male,5-14,3
279,2022,4,Kajuru,Female,5-14,4
280,2022,1,Kaura,Male,5-14,0
281,2022,1,Kaura,Female,5-14,0
282,2022,2,Kaura,Male,5-14,0
283,2022,2,Kaura,Female,5-14,0
284,2022,3,Kaura,Male,5-14,0
285,2022,3,Kaura,Female,5-14,0
286,2022,4,Kaura,Male,5-14,0
287,2022,4,Kaura,Female,5-14,0
288,2022,1,Kauru,Male,5-14,3
289,2022,1,Kauru,Female,5-14,3
290,2022,2,Kauru,Male,5-14,2
291,2022,2,Kauru,Female,5-14,3
292,2022,3,Kauru,Male,5-14,30
293,2022,3,Kauru,Female,5-14,5
294,2022,4,Kauru,Male,5-14,94
295,2022,4,Kauru,Female,5-14,60
296,2022,1,Kubau,Male,5-14,1
297,2022,1,Kubau,Female,5-14,0
298,2022,2,Kubau,Male,5-14,1
299,2022,2,Kubau,Female,5-14,1
300,2022,3,Kubau,Male,5-14,3
301,2022,3,Kubau,Female,5-14,6
302,2022,4,Kubau,Male,5-14,3
303,2022,4,Kubau,Female,5-14,3
304,2022,1,Kudan,Male,5-14,0
305,2022,1,Kudan,Female,5-14,1
306,2022,2,Kudan,Male,5-14,1
307,2022,2,Kudan,Female,5-14,1
308,2022,3,Kudan,Male,5-14,0
309,2022,3,Kudan,Female,5-14,0
310,2022,4,Kudan,Male,5-14,2
311,2022,4,Kudan,Female,5-14,1
312,2022,1,Lere,Male,5-14,1
313,2022,1,Lere,Female,5-14,0
314,2022,2,Lere,Male,5-14,0
315,2022,2,Lere,Female,5-14,1
316,2022,3,Lere,Male,5-14,3
317,2022,3,Lere,Female,5-14,1
318,2022,4,Lere,Male,5-14,1
319,2022,4,Lere,Female,5-14,2
320,2022,1,Makarfi,Male,5-14,1
321,2022,1,Makarfi,Female,5-14,3
322,2022,2,Makarfi,Male,5-14,1
323,2022,2,Makarfi,Female,5-14,4
324,2022,3,Makarfi,Male,5-14,2
325,2022,3,Makarfi,Female,5-14,5
326,2022,4,Makarfi,Male,5-14,7
327,2022,4,Makarfi,Female,5-14,4
328,2022,1,Sabon – Gari,Male,5-14,0
329,2022,1,Sabon – Gari,Female,5-14,0
330,2022,2,Sabon – Gari,Male,5-14,4
331,2022,2,Sabon – Gari,Female,5-14,1
332,2022,3,Sabon – Gari,Male,5-14,3
333,2022,3,Sabon – Gari,Female,5-14,2
334,2022,4,Sabon – Gari,Male,5-14,9
335,2022,4,Sabon – Gari,Female,5-14,13
336,2022,1,Sanga,Male,5-14,0
337,2022,1,Sanga,Female,5-14,3
338,2022,2,Sanga,Male,5-14,0
339,2022,2,Sanga,Female,5-14,0
340,2022,3,Sanga,Male,5-14,0
341,2022,3,Sanga,Female,5-14,0
342,2022,4,Sanga,Male,5-14,1
343,2022,4,Sanga,Female,5-14,1
344,2022,1,Soba,Male,5-14,0
345,2022,1,Soba,Female,5-14,1
346,2022,2,Soba,Male,5-14,1
347,2022,2,Soba,Female,5-14,0
348,2022,3,Soba,Male,5-14,1
349,2022,3,Soba,Female,5-14,0
350,2022,4,Soba,Male,5-14,0
351,2022,4,Soba,Female,5-14,0
352,2022,1,Zangon – Kataf,Male,5-14,0
353,2022,1,Zangon – Kataf,Female,5-14,0
354,2022,2,Zangon – Kataf,Male,5-14,0
355,2022,2,Zangon – Kataf,Female,5-14,0
356,2022,3,Zangon – Kataf,Male,5-14,0
357,2022,3,Zangon – Kataf,Female,5-14,0
358,2022,4,Zangon – Kataf,Male,5-14,0
359,2022,4,Zangon – Kataf,Female,5-14,0
360,2022,1,Zaria,Male,5-14,5
361,2022,1,Zaria,Female,5-14,15
362,2022,2,Zaria,Male,5-14,6
363,2022,2,Zaria,Female,5-14,2
364,2022,3,Zaria,Male,5-14,23
365,2022,3,Zaria,Female,5-14,13
366,2022,4,Zaria,Male,5-14,54
367,2022,4,Zaria,Female,5-14,47
368,2022,1,Birni – Gwari,Male,15-24,7
369,2022,1,Birni – Gwari,Female,15-24,2
370,2022,2,Birni – Gwari,Male,15-24,3
371,2022,2,Birni – Gwari,Female,15-24,1
372,2022,3,Birni – Gwari,Male,15-24,5
373,2022,3,Birni – Gwari,Female,15-24,3
374,2022,4,Birni – Gwari,Male,15-24,12
375,2022,4,Birni – Gwari,Female,15-24,4
376,2022,1,Chikun,Male,15-24,12
377,2022,1,Chikun,Female,15-24,6
378,2022,2,Chikun,Male,15-24,25
379,2022,2,Chikun,Female,15-24,23
380,2022,3,Chikun,Male,15-24,27
381,2022,3,Chikun,Female,15-24,18
382,2022,4,Chikun,Male,15-24,29
383,2022,4,Chikun,Female,15-24,20
384,2022,1,Giwa,Male,15-24,82
385,2022,1,Giwa,Female,15-24,98
386,2022,2,Giwa,Male,15-24,74
387,2022,2,Giwa,Female,15-24,65
388,2022,3,Giwa,Male,15-24,71
389,2022,3,Giwa,Female,15-24,55
390,2022,4,Giwa,Male,15-24,78
391,2022,4,Giwa,Female,15-24,87
392,2022,1,Igabi,Male,15-24,21
393,2022,1,Igabi,Female,15-24,16
394,2022,2,Igabi,Male,15-24,16
395,2022,2,Igabi,Female,15-24,21
396,2022,3,Igabi,Male,15-24,40
397,2022,3,Igabi,Female,15-24,23
398,2022,4,Igabi,Male,15-24,21
399,2022,4,Igabi,Female,15-24,42
400,2022,1,Ikara,Male,15-24,0
401,2022,1,Ikara,Female,15-24,1
402,2022,2,Ikara,Male,15-24,5
403,2022,2,Ikara,Female,15-24,4
404,2022,3,Ikara,Male,15-24,0
405,2022,3,Ikara,Female,15-24,7
406,2022,4,Ikara,Male,15-24,1
407,2022,4,Ikara,Female,15-24,4
408,2022,1,Jaba,Male,15-24,2
409,2022,1,Jaba,Female,15-24,1
410,2022,2,Jaba,Male,15-24,2
411,2022,2,Jaba,Female,15-24,0
412,2022,3,Jaba,Male,15-24,3
413,2022,3,Jaba,Female,15-24,0
414,2022,4,Jaba,Male,15-24,4
415,2022,4,Jaba,Female,15-24,5
416,2022,1,Jema'a,Male,15-24,7
417,2022,1,Jema'a,Female,15-24,9
418,2022,2,Jema'a,Male,15-24,10
419,2022,2,Jema'a,Female,15-24,5
420,2022,3,Jema'a,Male,15-24,14
421,2022,3,Jema'a,Female,15-24,14
422,2022,4,Jema'a,Male,15-24,24
423,2022,4,Jema'a,Female,15-24,23
424,2022,1,Kachia,Male,15-24,3
425,2022,1,Kachia,Female,15-24,13
426,2022,2,Kachia,Male,15-24,10
427,2022,2,Kachia,Female,15-24,28
428,2022,3,Kachia,Male,15-24,21
429,2022,3,Kachia,Female,15-24,58
430,2022,4,Kachia,Male,15-24,4
431,2022,4,Kachia,Female,15-24,29
432,2022,1,Kaduna North,Male,15-24,51
433,2022,1,Kaduna North,Female,15-24,34
434,2022,2,Kaduna North,Male,15-24,42
435,2022,2,Kaduna North,Female,15-24,45
436,2022,3,Kaduna North,Male,15-24,45
437,2022,3,Kaduna North,Female,15-24,33
438,2022,4,Kaduna North,Male,15-24,70
439,2022,4,Kaduna North,Female,15-24,51
440,2022,1,Kaduna South,Male,15-24,34
441,2022,1,Kaduna South,Female,15-24,32
442,2022,2,Kaduna South,Male,15-24,28
443,2022,2,Kaduna South,Female,15-24,36
444,2022,3,Kaduna South,Male,15-24,45
445,2022,3,Kaduna South,Female,15-24,46
446,2022,4,Kaduna South,Male,15-24,56
447,2022,4,Kaduna South,Female,15-24,47
448,2022,1,Kagarko,Male,15-24,0
449,2022,1,Kagarko,Female,15-24,4
450,2022,2,Kagarko,Male,15-24,1
451,2022,2,Kagarko,Female,15-24,3
452,2022,3,Kagarko,Male,15-24,2
453,2022,3,Kagarko,Female,15-24,2
454,2022,4,Kagarko,Male,15-24,6
455,2022,4,Kagarko,Female,15-24,7
456,2022,1,Kajuru,Male,15-24,0
457,2022,1,Kajuru,Female,15-24,2
458,2022,2,Kajuru,Male,15-24,16
459,2022,2,Kajuru,Female,15-24,9
460,2022,3,Kajuru,Male,15-24,11
461,2022,3,Kajuru,Female,15-24,4
462,2022,4,Kajuru,Male,15-24,15
463,2022,4,Kajuru,Female,15-24,7
464,2022,1,Kaura,Male,15-24,2
465,2022,1,Kaura,Female,15-24,0
466,2022,2,Kaura,Male,15-24,2
467,2022,2,Kaura,Female,15-24,0
468,2022,3,Kaura,Male,15-24,3
469,2022,3,Kaura,Female,15-24,1
470,2022,4,Kaura,Male,15-24,5
471,2022,4,Kaura,Female,15-24,4
472,2022,1,Kauru,Male,15-24,93
473,2022,1,Kauru,Female,15-24,15
474,2022,2,Kauru,Male,15-24,90
475,2022,2,Kauru,Female,15-24,25
476,2022,3,Kauru,Male,15-24,59
477,2022,3,Kauru,Female,15-24,33
478,2022,4,Kauru,Male,15-24,53
479,2022,4,Kauru,Female,15-24,20
480,2022,1,Kubau,Male,15-24,4
481,2022,1,Kubau,Female,15-24,1
482,2022,2,Kubau,Male,15-24,4
483,2022,2,Kubau,Female,15-24,2
484,2022,3,Kubau,Male,15-24,3
485,2022,3,Kubau,Female,15-24,4
486,2022,4,Kubau,Male,15-24,13
487,2022,4,Kubau,Female,15-24,8
488,2022,1,Kudan,Male,15-24,2
489,2022,1,Kudan,Female,15-24,2
490,2022,2,Kudan,Male,15-24,2
491,2022,2,Kudan,Female,15-24,2
492,2022,3,Kudan,Male,15-24,4
493,2022,3,Kudan,Female,15-24,5
494,2022,4,Kudan,Male,15-24,5
495,2022,4,Kudan,Female,15-24,5
496,2022,1,Lere,Male,15-24,2
497,2022,1,Lere,Female,15-24,4
498,2022,2,Lere,Male,15-24,2
499,2022,2,Lere,Female,15-24,4
500,2022,3,Lere,Male,15-24,6
501,2022,3,Lere,Female,15-24,0
502,2022,4,Lere,Male,15-24,2
503,2022,4,Lere,Female,15-24,8
504,2022,1,Makarfi,Male,15-24,4
505,2022,1,Makarfi,Female,15-24,2
506,2022,2,Makarfi,Male,15-24,5
507,2022,2,Makarfi,Female,15-24,2
508,2022,3,Makarfi,Male,15-24,6
509,2022,3,Makarfi,Female,15-24,6
510,2022,4,Makarfi,Male,15-24,11
511,2022,4,Makarfi,Female,15-24,8
512,2022,1,Sabon – Gari,Male,15-24,17
513,2022,1,Sabon – Gari,Female,15-24,16
514,2022,2,Sabon – Gari,Male,15-24,20
515,2022,2,Sabon – Gari,Female,15-24,17
516,2022,3,Sabon – Gari,Male,15-24,33
517,2022,3,Sabon – Gari,Female,15-24,39
518,2022,4,Sabon – Gari,Male,15-24,58
519,2022,4,Sabon – Gari,Female,15-24,36
520,2022,1,Sanga,Male,15-24,2
521,2022,1,Sanga,Female,15-24,1
522,2022,2,Sanga,Male,15-24,5
523,2022,2,Sanga,Female,15-24,2
524,2022,3,Sanga,Male,15-24,1
525,2022,3,Sanga,Female,15-24,1
526,2022,4,Sanga,Male,15-24,2
527,2022,4,Sanga,Female,15-24,1
528,2022,1,Soba,Male,15-24,0
529,2022,1,Soba,Female,15-24,1
530,2022,2,Soba,Male,15-24,1
531,2022,2,Soba,Female,15-24,0
532,2022,3,Soba,Male,15-24,3
533,2022,3,Soba,Female,15-24,8
534,2022,4,Soba,Male,15-24,8
535,2022,4,Soba,Female,15-24,12
536,2022,1,Zangon – Kataf,Male,15-24,1
537,2022,1,Zangon – Kataf,Female,15-24,0
538,2022,2,Zangon – Kataf,Male,15-24,1
539,2022,2,Zangon – Kataf,Female,15-24,0
540,2022,3,Zangon – Kataf,Male,15-24,3
541,2022,3,Zangon – Kataf,Female,15-24,1
542,2022,4,Zangon – Kataf,Male,15-24,4
543,2022,4,Zangon – Kataf,Female,15-24,6
544,2022,1,Zaria,Male,15-24,47
545,2022,1,Zaria,Female,15-24,54
546,2022,2,Zaria,Male,15-24,57
547,2022,2,Zaria,Female,15-24,38
548,2022,3,Zaria,Male,15-24,38
549,2022,3,Zaria,Female,15-24,45
550,2022,4,Zaria,Male,15-24,123
551,2022,4,Zaria,Female,15-24,104
552,2022,1,Birni – Gwari,Male,25-34,16
553,2022,1,Birni – Gwari,Female,25-34,14
554,2022,2,Birni – Gwari,Male,25-34,13
555,2022,2,Birni – Gwari,Female,25-34,6
556,2022,3,Birni – Gwari,Male,25-34,8
557,2022,3,Birni – Gwari,Female,25-34,7
558,2022,4,Birni – Gwari,Male,25-34,7
559,2022,4,Birni – Gwari,Female,25-34,14
560,2022,1,Chikun,Male,25-34,25
561,2022,1,Chikun,Female,25-34,18
562,2022,2,Chikun,Male,25-34,43
563,2022,2,Chikun,Female,25-34,19
564,2022,3,Chikun,Male,25-34,75
565,2022,3,Chikun,Female,25-34,35
566,2022,4,Chikun,Male,25-34,95
567,2022,4,Chikun,Female,25-34,54
568,2022,1,Giwa,Male,25-34,144
569,2022,1,Giwa,Female,25-34,110
570,2022,2,Giwa,Male,25-34,133
571,2022,2,Giwa,Female,25-34,87
572,2022,3,Giwa,Male,25-34,88
573,2022,3,Giwa,Female,25-34,105
574,2022,4,Giwa,Male,25-34,80
575,2022,4,Giwa,Female,25-34,77
576,2022,1,Igabi,Male,25-34,23
577,2022,1,Igabi,Female,25-34,13
578,2022,2,Igabi,Male,25-34,32
579,2022,2,Igabi,Female,25-34,18
580,2022,3,Igabi,Male,25-34,35
581,2022,3,Igabi,Female,25-34,30
582,2022,4,Igabi,Male,25-34,34
583,2022,4,Igabi,Female,25-34,25
584,2022,1,Ikara,Male,25-34,4
585,2022,1,Ikara,Female,25-34,10
586,2022,2,Ikara,Male,25-34,7
587,2022,2,Ikara,Female,25-34,5
588,2022,3,Ikara,Male,25-34,7
589,2022,3,Ikara,Female,25-34,6
590,2022,4,Ikara,Male,25-34,7
591,2022,4,Ikara,Female,25-34,6
592,2022,1,Jaba,Male,25-34,6
593,2022,1,Jaba,Female,25-34,2
594,2022,2,Jaba,Male,25-34,4
595,2022,2,Jaba,Female,25-34,2
596,2022,3,Jaba,Male,25-34,9
597,2022,3,Jaba,Female,25-34,4
598,2022,4,Jaba,Male,25-34,13
599,2022,4,Jaba,Female,25-34,4
600,2022,1,Jema'a,Male,25-34,20
601,2022,1,Jema'a,Female,25-34,13
602,2022,2,Jema'a,Male,25-34,25
603,2022,2,Jema'a,Female,25-34,24
604,2022,3,Jema'a,Male,25-34,33
605,2022,3,Jema'a,Female,25-34,31
606,2022,4,Jema'a,Male,25-34,66
607,2022,4,Jema'a,Female,25-34,42
608,2022,1,Kachia,Male,25-34,30
609,2022,1,Kachia,Female,25-34,43
610,2022,2,Kachia,Male,25-34,38
611,2022,2,Kachia,Female,25-34,10
612,2022,3,Kachia,Male,25-34,49
613,2022,3,Kachia,Female,25-34,71
614,2022,4,Kachia,Male,25-34,36
615,2022,4,Kachia,Female,25-34,40
616,2022,1,Kaduna North,Male,25-34,119
617,2022,1,Kaduna North,Female,25-34,107
618,2022,2,Kaduna North,Male,25-34,126
619,2022,2,Kaduna North,Female,25-34,121
620,2022,3,Kaduna North,Male,25-34,119
621,2022,3,Kaduna North,Female,25-34,99
622,2022,4,Kaduna North,Male,25-34,197
623,2022,4,Kaduna North,Female,25-34,153
624,2022,1,Kaduna South,Male,25-34,50
625,2022,1,Kaduna South,Female,25-34,28
626,2022,2,Kaduna South,Male,25-34,56
627,2022,2,Kaduna South,Female,25-34,23
628,2022,3,Kaduna South,Male,25-34,59
629,2022,3,Kaduna South,Female,25-34,27
630,2022,4,Kaduna South,Male,25-34,82
631,2022,4,Kaduna South,Female,25-34,59
632,2022,1,Kagarko,Male,25-34,2
633,2022,1,Kagarko,Female,25-34,2
634,2022,2,Kagarko,Male,25-34,5
635,2022,2,Kagarko,Female,25-34,3
636,2022,3,Kagarko,Male,25-34,4
637,2022,3,Kagarko,Female,25-34,6
638,2022,4,Kagarko,Male,25-34,15
639,2022,4,Kagarko,Female,25-34,12
640,2022,1,Kajuru,Male,25-34,39
641,2022,1,Kajuru,Female,25-34,26
642,2022,2,Kajuru,Male,25-34,43
643,2022,2,Kajuru,Female,25-34,26
644,2022,3,Kajuru,Male,25-34,45
645,2022,3,Kajuru,Female,25-34,25
646,2022,4,Kajuru,Male,25-34,40
647,2022,4,Kajuru,Female,25-34,35
648,2022,1,Kaura,Male,25-34,5
649,2022,1,Kaura,Female,25-34,1
650,2022,2,Kaura,Male,25-34,6
651,2022,2,Kaura,Female,25-34,3
652,2022,3,Kaura,Male,25-34,8
653,2022,3,Kaura,Female,25-34,4
654,2022,4,Kaura,Male,25-34,16
655,2022,4,Kaura,Female,25-34,7
656,2022,1,Kauru,Male,25-34,68
657,2022,1,Kauru,Female,25-34,25
658,2022,2,Kauru,Male,25-34,32
659,2022,2,Kauru,Female,25-34,40
660,2022,3,Kauru,Male,25-34,103
661,2022,3,Kauru,Female,25-34,30
662,2022,4,Kauru,Male,25-34,97
663,2022,4,Kauru,Female,25-34,24
664,2022,1,Kubau,Male,25-34,15
665,2022,1,Kubau,Female,25-34,1
666,2022,2,Kubau,Male,25-34,9
667,2022,2,Kubau,Female,25-34,4
668,2022,3,Kubau,Male,25-34,9
669,2022,3,Kubau,Female,25-34,11
670,2022,4,Kubau,Male,25-34,10
671,2022,4,Kubau,Female,25-34,11
672,2022,1,Kudan,Male,25-34,4
673,2022,1,Kudan,Female,25-34,7
674,2022,2,Kudan,Male,25-34,5
675,2022,2,Kudan,Female,25-34,4
676,2022,3,Kudan,Male,25-34,6
677,2022,3,Kudan,Female,25-34,3
678,2022,4,Kudan,Male,25-34,9
679,2022,4,Kudan,Female,25-34,9
680,2022,1,Lere,Male,25-34,8
681,2022,1,Lere,Female,25-34,3
682,2022,2,Lere,Male,25-34,9
683,2022,2,Lere,Female,25-34,4
684,2022,3,Lere,Male,25-34,4
685,2022,3,Lere,Female,25-34,7
686,2022,4,Lere,Male,25-34,14
687,2022,4,Lere,Female,25-34,6
688,2022,1,Makarfi,Male,25-34,14
689,2022,1,Makarfi,Female,25-34,9
690,2022,2,Makarfi,Male,25-34,10
691,2022,2,Makarfi,Female,25-34,7
692,2022,3,Makarfi,Male,25-34,13
693,2022,3,Makarfi,Female,25-34,21
694,2022,4,Makarfi,Male,25-34,15
695,2022,4,Makarfi,Female,25-34,14
696,2022,1,Sabon – Gari,Male,25-34,29
697,2022,1,Sabon – Gari,Female,25-34,25
698,2022,2,Sabon – Gari,Male,25-34,42
699,2022,2,Sabon – Gari,Female,25-34,25
700,2022,3,Sabon – Gari,Male,25-34,50
701,2022,3,Sabon – Gari,Female,25-34,54
702,2022,4,Sabon – Gari,Male,25-34,61
703,2022,4,Sabon – Gari,Female,25-34,48
704,2022,1,Sanga,Male,25-34,5
705,2022,1,Sanga,Female,25-34,4
706,2022,2,Sanga,Male,25-34,4
707,2022,2,Sanga,Female,25-34,4
708,2022,3,Sanga,Male,25-34,4
709,2022,3,Sanga,Female,25-34,2
710,2022,4,Sanga,Male,25-34,11
711,2022,4,Sanga,Female,25-34,4
712,2022,1,Soba,Male,25-34,6
713,2022,1,Soba,Female,25-34,4
714,2022,2,Soba,Male,25-34,8
715,2022,2,Soba,Female,25-34,9
716,2022,3,Soba,Male,25-34,9
717,2022,3,Soba,Female,25-34,9
718,2022,4,Soba,Male,25-34,16
719,2022,4,Soba,Female,25-34,22
720,2022,1,Zangon – Kataf,Male,25-34,14
721,2022,1,Zangon – Kataf,Female,25-34,4
722,2022,2,Zangon – Kataf,Male,25-34,9
723,2022,2,Zangon – Kataf,Female,25-34,8
724,2022,3,Zangon – Kataf,Male,25-34,11
725,2022,3,Zangon – Kataf,Female,25-34,9
726,2022,4,Zangon – Kataf,Male,25-34,15
727,2022,4,Zangon – Kataf,Female,25-34,11
728,2022,1,Zaria,Male,25-34,57
729,2022,1,Zaria,Female,25-34,55
730,2022,2,Zaria,Male,25-34,114
731,2022,2,Zaria,Female,25-34,82
732,2022,3,Zaria,Male,25-34,108
733,2022,3,Zaria,Female,25-34,88
734,2022,4,Zaria,Male,25-34,111
735,2022,4,Zaria,Female,25-34,94
736,2022,1,Birni – Gwari,Male,35-44,18
737,2022,1,Birni – Gwari,Female,35-44,8
738,2022,2,Birni – Gwari,Male,35-44,3
739,2022,2,Birni – Gwari,Female,35-44,7
740,2022,3,Birni – Gwari,Male,35-44,6
741,2022,3,Birni – Gwari,Female,35-44,7
742,2022,4,Birni – Gwari,Male,35-44,8
743,2022,4,Birni – Gwari,Female,35-44,14
744,2022,1,Chikun,Male,35-44,95
745,2022,1,Chikun,Female,35-44,63
746,2022,2,Chikun,Male,35-44,48
747,2022,2,Chikun,Female,35-44,21
748,2022,3,Chikun,Male,35-44,75
749,2022,3,Chikun,Female,35-44,38
750,2022,4,Chikun,Male,35-44,94
751,2022,4,Chikun,Female,35-44,52
752,2022,1,Giwa,Male,35-44,34
753,2022,1,Giwa,Female,35-44,21
754,2022,2,Giwa,Male,35-44,9
755,2022,2,Giwa,Female,35-44,7
756,2022,3,Giwa,Male,35-44,47
757,2022,3,Giwa,Female,35-44,38
758,2022,4,Giwa,Male,35-44,40
759,2022,4,Giwa,Female,35-44,29
760,2022,1,Igabi,Male,35-44,18
761,2022,1,Igabi,Female,35-44,8
762,2022,2,Igabi,Male,35-44,18
763,2022,2,Igabi,Female,35-44,12
764,2022,3,Igabi,Male,35-44,43
765,2022,3,Igabi,Female,35-44,18
766,2022,4,Igabi,Male,35-44,18
767,2022,4,Igabi,Female,35-44,27
768,2022,1,Ikara,Male,35-44,6
769,2022,1,Ikara,Female,35-44,3
770,2022,2,Ikara,Male,35-44,9
771,2022,2,Ikara,Female,35-44,3
772,2022,3,Ikara,Male,35-44,7
773,2022,3,Ikara,Female,35-44,2
774,2022,4,Ikara,Male,35-44,1
775,2022,4,Ikara,Female,35-44,1
776,2022,1,Jaba,Male,35-44,8
777,2022,1,Jaba,Female,35-44,5
778,2022,2,Jaba,Male,35-44,3
779,2022,2,Jaba,Female,35-44,3
780,2022,3,Jaba,Male,35-44,15
781,2022,3,Jaba,Female,35-44,4
782,2022,4,Jaba,Male,35-44,21
783,2022,4,Jaba,Female,35-44,7
784,2022,1,Jema'a,Male,35-44,20
785,2022,1,Jema'a,Female,35-44,12
786,2022,2,Jema'a,Male,35-44,24
787,2022,2,Jema'a,Female,35-44,14
788,2022,3,Jema'a,Male,35-44,53
789,2022,3,Jema'a,Female,35-44,26
790,2022,4,Jema'a,Male,35-44,72
791,2022,4,Jema'a,Female,35-44,33
792,2022,1,Kachia,Male,35-44,56
793,2022,1,Kachia,Female,35-44,38
794,2022,2,Kachia,Male,35-44,68
795,2022,2,Kachia,Female,35-44,43
796,2022,3,Kachia,Male,35-44,67
797,2022,3,Kachia,Female,35-44,54
798,2022,4,Kachia,Male,35-44,39
799,2022,4,Kachia,Female,35-44,68
800,2022,1,Kaduna North,Male,35-44,92
801,2022,1,Kaduna North,Female,35-44,54
802,2022,2,Kaduna North,Male,35-44,94
803,2022,2,Kaduna North,Female,35-44,88
804,2022,3,Kaduna North,Male,35-44,107
805,2022,3,Kaduna North,Female,35-44,88
806,2022,4,Kaduna North,Male,35-44,114
807,2022,4,Kaduna North,Female,35-44,109
808,2022,1,Kaduna South,Male,35-44,48
809,2022,1,Kaduna South,Female,35-44,24
810,2022,2,Kaduna South,Male,35-44,54
811,2022,2,Kaduna South,Female,35-44,27
812,2022,3,Kaduna South,Male,35-44,50
813,2022,3,Kaduna South,Female,35-44,25
814,2022,4,Kaduna South,Male,35-44,71
815,2022,4,Kaduna South,Female,35-44,37
816,2022,1,Kagarko,Male,35-44,8
817,2022,1,Kagarko,Female,35-44,3
818,2022,2,Kagarko,Male,35-44,5
819,2022,2,Kagarko,Female,35-44,4
820,2022,3,Kagarko,Male,35-44,17
821,2022,3,Kagarko,Female,35-44,13
822,2022,4,Kagarko,Male,35-44,42
823,2022,4,Kagarko,Female,35-44,34
824,2022,1,Kajuru,Male,35-44,57
825,2022,1,Kajuru,Female,35-44,16
826,2022,2,Kajuru,Male,35-44,35
827,2022,2,Kajuru,Female,35-44,28
828,2022,3,Kajuru,Male,35-44,38
829,2022,3,Kajuru,Female,35-44,30
830,2022,4,Kajuru,Male,35-44,49
831,2022,4,Kajuru,Female,35-44,28
832,2022,1,Kaura,Male,35-44,5
833,2022,1,Kaura,Female,35-44,1
834,2022,2,Kaura,Male,35-44,13
835,2022,2,Kaura,Female,35-44,3
836,2022,3,Kaura,Male,35-44,7
837,2022,3,Kaura,Female,35-44,7
838,2022,4,Kaura,Male,35-44,20
839,2022,4,Kaura,Female,35-44,8
840,2022,1,Kauru,Male,35-44,30
841,2022,1,Kauru,Female,35-44,20
842,2022,2,Kauru,Male,35-44,72
843,2022,2,Kauru,Female,35-44,24
844,2022,3,Kauru,Male,35-44,91
845,2022,3,Kauru,Female,35-44,30
846,2022,4,Kauru,Male,35-44,84
847,2022,4,Kauru,Female,35-44,20
848,2022,1,Kubau,Male,35-44,10
849,2022,1,Kubau,Female,35-44,10
850,2022,2,Kubau,Male,35-44,8
851,2022,2,Kubau,Female,35-44,5
852,2022,3,Kubau,Male,35-44,12
853,2022,3,Kubau,Female,35-44,8
854,2022,4,Kubau,Male,35-44,10
855,2022,4,Kubau,Female,35-44,7
856,2022,1,Kudan,Male,35-44,5
857,2022,1,Kudan,Female,35-44,2
858,2022,2,Kudan,Male,35-44,0
859,2022,2,Kudan,Female,35-44,6
860,2022,3,Kudan,Male,35-44,8
861,2022,3,Kudan,Female,35-44,7
862,2022,4,Kudan,Male,35-44,7
863,2022,4,Kudan,Female,35-44,1
864,2022,1,Lere,Male,35-44,8
865,2022,1,Lere,Female,35-44,5
866,2022,2,Lere,Male,35-44,10
867,2022,2,Lere,Female,35-44,2
868,2022,3,Lere,Male,35-44,1
869,2022,3,Lere,Female,35-44,3
870,2022,4,Lere,Male,35-44,8
871,2022,4,Lere,Female,35-44,8
872,2022,1,Makarfi,Male,35-44,4
873,2022,1,Makarfi,Female,35-44,5
874,2022,2,Makarfi,Male,35-44,10
875,2022,2,Makarfi,Female,35-44,9
876,2022,3,Makarfi,Male,35-44,11
877,2022,3,Makarfi,Female,35-44,11
878,2022,4,Makarfi,Male,35-44,20
879,2022,4,Makarfi,Female,35-44,10
880,2022,1,Sabon – Gari,Male,35-44,20
881,2022,1,Sabon – Gari,Female,35-44,17
882,2022,2,Sabon – Gari,Male,35-44,35
883,2022,2,Sabon – Gari,Female,35-44,23
884,2022,3,Sabon – Gari,Male,35-44,59
885,2022,3,Sabon – Gari,Female,35-44,34
886,2022,4,Sabon – Gari,Male,35-44,47
887,2022,4,Sabon – Gari,Female,35-44,25
888,2022,1,Sanga,Male,35-44,6
889,2022,1,Sanga,Female,35-44,2
890,2022,2,Sanga,Male,35-44,6
891,2022,2,Sanga,Female,35-44,2
892,2022,3,Sanga,Male,35-44,2
893,2022,3,Sanga,Female,35-44,2
894,2022,4,Sanga,Male,35-44,6
895,2022,4,Sanga,Female,35-44,6
896,2022,1,Soba,Male,35-44,7
897,2022,1,Soba,Female,35-44,7
898,2022,2,Soba,Male,35-44,5
899,2022,2,Soba,Female,35-44,12
900,2022,3,Soba,Male,35-44,13
901,2022,3,Soba,Female,35-44,12
902,2022,4,Soba,Male,35-44,20
903,2022,4,Soba,Female,35-44,14
904,2022,1,Zangon – Kataf,Male,35-44,13
905,2022,1,Zangon – Kataf,Female,35-44,8
906,2022,2,Zangon – Kataf,Male,35-44,13
907,2022,2,Zangon – Kataf,Female,35-44,7
908,2022,3,Zangon – Kataf,Male,35-44,27
909,2022,3,Zangon – Kataf,Female,35-44,14
910,2022,4,Zangon – Kataf,Male,35-44,32
911,2022,4,Zangon – Kataf,Female,35-44,14
912,2022,1,Zaria,Male,35-44,56
913,2022,1,Zaria,Female,35-44,53
914,2022,2,Zaria,Male,35-44,69
915,2022,2,Zaria,Female,35-44,40
916,2022,3,Zaria,Male,35-44,111
917,2022,3,Zaria,Female,35-44,69
918,2022,4,Zaria,Male,35-44,95
919,2022,4,Zaria,Female,35-44,47
920,2022,1,Birni – Gwari,Male,45-54,11
921,2022,1,Birni – Gwari,Female,45-54,9
922,2022,2,Birni – Gwari,Male,45-54,10
923,2022,2,Birni – Gwari,Female,45-54,16
924,2022,3,Birni – Gwari,Male,45-54,8
925,2022,3,Birni – Gwari,Female,45-54,11
926,2022,4,Birni – Gwari,Male,45-54,13
927,2022,4,Birni – Gwari,Female,45-54,13
928,2022,1,Chikun,Male,45-54,32
929,2022,1,Chikun,Female,45-54,29
930,2022,2,Chikun,Male,45-54,27
931,2022,2,Chikun,Female,45-54,7
932,2022,3,Chikun,Male,45-54,39
933,2022,3,Chikun,Female,45-54,17
934,2022,4,Chikun,Male,45-54,52
935,2022,4,Chikun,Female,45-54,23
936,2022,1,Giwa,Male,45-54,6
937,2022,1,Giwa,Female,45-54,3
938,2022,2,Giwa,Male,45-54,3
939,2022,2,Giwa,Female,45-54,5
940,2022,3,Giwa,Male,45-54,24
941,2022,3,Giwa,Female,45-54,9
942,2022,4,Giwa,Male,45-54,12
943,2022,4,Giwa,Female,45-54,4
944,2022,1,Igabi,Male,45-54,8
945,2022,1,Igabi,Female,45-54,5
946,2022,2,Igabi,Male,45-54,12
947,2022,2,Igabi,Female,45-54,6
948,2022,3,Igabi,Male,45-54,15
949,2022,3,Igabi,Female,45-54,8
950,2022,4,Igabi,Male,45-54,20
951,2022,4,Igabi,Female,45-54,16
952,2022,1,Ikara,Male,45-54,2
953,2022,1,Ikara,Female,45-54,2
954,2022,2,Ikara,Male,45-54,1
955,2022,2,Ikara,Female,45-54,1
956,2022,3,Ikara,Male,45-54,5
957,2022,3,Ikara,Female,45-54,1
958,2022,4,Ikara,Male,45-54,0
959,2022,4,Ikara,Female,45-54,1
960,2022,1,Jaba,Male,45-54,3
961,2022,1,Jaba,Female,45-54,2
962,2022,2,Jaba,Male,45-54,4
963,2022,2,Jaba,Female,45-54,0
964,2022,3,Jaba,Male,45-54,7
965,2022,3,Jaba,Female,45-54,5
966,2022,4,Jaba,Male,45-54,6
967,2022,4,Jaba,Female,45-54,5
968,2022,1,Jema'a,Male,45-54,14
969,2022,1,Jema'a,Female,45-54,7
970,2022,2,Jema'a,Male,45-54,24
971,2022,2,Jema'a,Female,45-54,9
972,2022,3,Jema'a,Male,45-54,38
973,2022,3,Jema'a,Female,45-54,14
974,2022,4,Jema'a,Male,45-54,53
975,2022,4,Jema'a,Female,45-54,23
976,2022,1,Kachia,Male,45-54,69
977,2022,1,Kachia,Female,45-54,32
978,2022,2,Kachia,Male,45-54,52
979,2022,2,Kachia,Female,45-54,33
980,2022,3,Kachia,Male,45-54,42
981,2022,3,Kachia,Female,45-54,38
982,2022,4,Kachia,Male,45-54,44
983,2022,4,Kachia,Female,45-54,62
984,2022,1,Kaduna North,Male,45-54,43
985,2022,1,Kaduna North,Female,45-54,32
986,2022,2,Kaduna North,Male,45-54,45
987,2022,2,Kaduna North,Female,45-54,39
988,2022,3,Kaduna North,Male,45-54,65
989,2022,3,Kaduna North,Female,45-54,44
990,2022,4,Kaduna North,Male,45-54,86
991,2022,4,Kaduna North,Female,45-54,75
992,2022,1,Kaduna South,Male,45-54,24
993,2022,1,Kaduna South,Female,45-54,14
994,2022,2,Kaduna South,Male,45-54,30
995,2022,2,Kaduna South,Female,45-54,15
996,2022,3,Kaduna South,Male,45-54,34
997,2022,3,Kaduna South,Female,45-54,15
998,2022,4,Kaduna South,Male,45-54,36
999,2022,4,Kaduna South,Female,45-54,20
1000,2022,1,Kagarko,Male,45-54,6
1001,2022,1,Kagarko,Female,45-54,3
1002,2022,2,Kagarko,Male,45-54,9
1003,2022,2,Kagarko,Female,45-54,4
1004,2022,3,Kagarko,Male,45-54,7
1005,2022,3,Kagarko,Female,45-54,8
1006,2022,4,Kagarko,Male,45-54,28
1007,2022,4,Kagarko,Female,45-54,17
1008,2022,1,Kajuru,Male,45-54,6
1009,2022,1,Kajuru,Female,45-54,18
1010,2022,2,Kajuru,Male,45-54,29
1011,2022,2,Kajuru,Female,45-54,9
1012,2022,3,Kajuru,Male,45-54,42
1013,2022,3,Kajuru,Female,45-54,14
1014,2022,4,Kajuru,Male,45-54,38
1015,2022,4,Kajuru,Female,45-54,17
1016,2022,1,Kaura,Male,45-54,5
1017,2022,1,Kaura,Female,45-54,0
1018,2022,2,Kaura,Male,45-54,6
1019,2022,2,Kaura,Female,45-54,0
1020,2022,3,Kaura,Male,45-54,3
1021,2022,3,Kaura,Female,45-54,3
1022,2022,4,Kaura,Male,45-54,11
1023,2022,4,Kaura,Female,45-54,3
1024,2022,1,Kauru,Male,45-54,45
1025,2022,1,Kauru,Female,45-54,10
1026,2022,2,Kauru,Male,45-54,20
1027,2022,2,Kauru,Female,45-54,35
1028,2022,3,Kauru,Male,45-54,40
1029,2022,3,Kauru,Female,45-54,10
1030,2022,4,Kauru,Male,45-54,70
1031,2022,4,Kauru,Female,45-54,5
1032,2022,1,Kubau,Male,45-54,12
1033,2022,1,Kubau,Female,45-54,6
1034,2022,2,Kubau,Male,45-54,6
1035,2022,2,Kubau,Female,45-54,7
1036,2022,3,Kubau,Male,45-54,10
1037,2022,3,Kubau,Female,45-54,10
1038,2022,4,Kubau,Male,45-54,6
1039,2022,4,Kubau,Female,45-54,10
1040,2022,1,Kudan,Male,45-54,6
1041,2022,1,Kudan,Female,45-54,5
1042,2022,2,Kudan,Male,45-54,7
1043,2022,2,Kudan,Female,45-54,3
1044,2022,3,Kudan,Male,45-54,4
1045,2022,3,Kudan,Female,45-54,5
1046,2022,4,Kudan,Male,45-54,5
1047,2022,4,Kudan,Female,45-54,1
1048,2022,1,Lere,Male,45-54,9
1049,2022,1,Lere,Female,45-54,3
1050,2022,2,Lere,Male,45-54,5
1051,2022,2,Lere,Female,45-54,2
1052,2022,3,Lere,Male,45-54,7
1053,2022,3,Lere,Female,45-54,2
1054,2022,4,Lere,Male,45-54,7
1055,2022,4,Lere,Female,45-54,1
1056,2022,1,Makarfi,Male,45-54,9
1057,2022,1,Makarfi,Female,45-54,4
1058,2022,2,Makarfi,Male,45-54,9
1059,2022,2,Makarfi,Female,45-54,3
1060,2022,3,Makarfi,Male,45-54,15
1061,2022,3,Makarfi,Female,45-54,4
1062,2022,4,Makarfi,Male,45-54,14
1063,2022,4,Makarfi,Female,45-54,10
1064,2022,1,Sabon – Gari,Male,45-54,14
1065,2022,1,Sabon – Gari,Female,45-54,5
1066,2022,2,Sabon – Gari,Male,45-54,18
1067,2022,2,Sabon – Gari,Female,45-54,7
1068,2022,3,Sabon – Gari,Male,45-54,32
1069,2022,3,Sabon – Gari,Female,45-54,16
1070,2022,4,Sabon – Gari,Male,45-54,27
1071,2022,4,Sabon – Gari,Female,45-54,9
1072,2022,1,Sanga,Male,45-54,4
1073,2022,1,Sanga,Female,45-54,1
1074,2022,2,Sanga,Male,45-54,3
1075,2022,2,Sanga,Female,45-54,1
1076,2022,3,Sanga,Male,45-54,5
1077,2022,3,Sanga,Female,45-54,3
1078,2022,4,Sanga,Male,45-54,2
1079,2022,4,Sanga,Female,45-54,2
1080,2022,1,Soba,Male,45-54,7
1081,2022,1,Soba,Female,45-54,7
1082,2022,2,Soba,Male,45-54,3
1083,2022,2,Soba,Female,45-54,3
1084,2022,3,Soba,Male,45-54,7
1085,2022,3,Soba,Female,45-54,5
1086,2022,4,Soba,Male,45-54,9
1087,2022,4,Soba,Female,45-54,8
1088,2022,1,Zangon – Kataf,Male,45-54,18
1089,2022,1,Zangon – Kataf,Female,45-54,11
1090,2022,2,Zangon – Kataf,Male,45-54,15
1091,2022,2,Zangon – Kataf,Female,45-54,9
1092,2022,3,Zangon – Kataf,Male,45-54,29
1093,2022,3,Zangon – Kataf,Female,45-54,15
1094,2022,4,Zangon – Kataf,Male,45-54,36
1095,2022,4,Zangon – Kataf,Female,45-54,15
1096,2022,1,Zaria,Male,45-54,46
1097,2022,1,Zaria,Female,45-54,29
1098,2022,2,Zaria,Male,45-54,52
1099,2022,2,Zaria,Female,45-54,34
1100,2022,3,Zaria,Male,45-54,54
1101,2022,3,Zaria,Female,45-54,37
1102,2022,4,Zaria,Male,45-54,40
1103,2022,4,Zaria,Female,45-54,22
1104,2022,1,Birni – Gwari,Male,55-64,11
1105,2022,1,Birni – Gwari,Female,55-64,6
1106,2022,2,Birni – Gwari,Male,55-64,22
1107,2022,2,Birni – Gwari,Female,55-64,8
1108,2022,3,Birni – Gwari,Male,55-64,8
1109,2022,3,Birni – Gwari,Female,55-64,9
1110,2022,4,Birni – Gwari,Male,55-64,10
1111,2022,4,Birni – Gwari,Female,55-64,15
1112,2022,1,Chikun,Male,55-64,30
1113,2022,1,Chikun,Female,55-64,7
1114,2022,2,Chikun,Male,55-64,15
1115,2022,2,Chikun,Female,55-64,5
1116,2022,3,Chikun,Male,55-64,24
1117,2022,3,Chikun,Female,55-64,6
1118,2022,4,Chikun,Male,55-64,11
1119,2022,4,Chikun,Female,55-64,8
1120,2022,1,Giwa,Male,55-64,2
1121,2022,1,Giwa,Female,55-64,1
1122,2022,2,Giwa,Male,55-64,1
1123,2022,2,Giwa,Female,55-64,1
1124,2022,3,Giwa,Male,55-64,7
1125,2022,3,Giwa,Female,55-64,2
1126,2022,4,Giwa,Male,55-64,2
1127,2022,4,Giwa,Female,55-64,0
1128,2022,1,Igabi,Male,55-64,5
1129,2022,1,Igabi,Female,55-64,3
1130,2022,2,Igabi,Male,55-64,7
1131,2022,2,Igabi,Female,55-64,2
1132,2022,3,Igabi,Male,55-64,6
1133,2022,3,Igabi,Female,55-64,4
1134,2022,4,Igabi,Male,55-64,10
1135,2022,4,Igabi,Female,55-64,15
1136,2022,1,Ikara,Male,55-64,2
1137,2022,1,Ikara,Female,55-64,1
1138,2022,2,Ikara,Male,55-64,2
1139,2022,2,Ikara,Female,55-64,1
1140,2022,3,Ikara,Male,55-64,0
1141,2022,3,Ikara,Female,55-64,0
1142,2022,4,Ikara,Male,55-64,1
1143,2022,4,Ikara,Female,55-64,1
1144,2022,1,Jaba,Male,55-64,4
1145,2022,1,Jaba,Female,55-64,0
1146,2022,2,Jaba,Male,55-64,2
1147,2022,2,Jaba,Female,55-64,0
1148,2022,3,Jaba,Male,55-64,1
1149,2022,3,Jaba,Female,55-64,0
1150,2022,4,Jaba,Male,55-64,0
1151,2022,4,Jaba,Female,55-64,0
1152,2022,1,Jema'a,Male,55-64,9
1153,2022,1,Jema'a,Female,55-64,2
1154,2022,2,Jema'a,Male,55-64,10
1155,2022,2,Jema'a,Female,55-64,2
1156,2022,3,Jema'a,Male,55-64,19
1157,2022,3,Jema'a,Female,55-64,8
1158,2022,4,Jema'a,Male,55-64,26
1159,2022,4,Jema'a,Female,55-64,9
1160,2022,1,Kachia,Male,55-64,40
1161,2022,1,Kachia,Female,55-64,20
1162,2022,2,Kachia,Male,55-64,31
1163,2022,2,Kachia,Female,55-64,28
1164,2022,3,Kachia,Male,55-64,15
1165,2022,3,Kachia,Female,55-64,48
1166,2022,4,Kachia,Male,55-64,75
1167,2022,4,Kachia,Female,55-64,46
1168,2022,1,Kaduna North,Male,55-64,21
1169,2022,1,Kaduna North,Female,55-64,8
1170,2022,2,Kaduna North,Male,55-64,34
1171,2022,2,Kaduna North,Female,55-64,23
1172,2022,3,Kaduna North,Male,55-64,15
1173,2022,3,Kaduna North,Female,55-64,12
1174,2022,4,Kaduna North,Male,55-64,23
1175,2022,4,Kaduna North,Female,55-64,18
1176,2022,1,Kaduna South,Male,55-64,25
1177,2022,1,Kaduna South,Female,55-64,13
1178,2022,2,Kaduna South,Male,55-64,14
1179,2022,2,Kaduna South,Female,55-64,6
1180,2022,3,Kaduna South,Male,55-64,22
1181,2022,3,Kaduna South,Female,55-64,6
1182,2022,4,Kaduna South,Male,55-64,20
1183,2022,4,Kaduna South,Female,55-64,8
1184,2022,1,Kagarko,Male,55-64,1
1185,2022,1,Kagarko,Female,55-64,3
1186,2022,2,Kagarko,Male,55-64,3
1187,2022,2,Kagarko,Female,55-64,1
1188,2022,3,Kagarko,Male,55-64,6
1189,2022,3,Kagarko,Female,55-64,5
1190,2022,4,Kagarko,Male,55-64,16
1191,2022,4,Kagarko,Female,55-64,7
1192,2022,1,Kajuru,Male,55-64,4
1193,2022,1,Kajuru,Female,55-64,11
1194,2022,2,Kajuru,Male,55-64,7
1195,2022,2,Kajuru,Female,55-64,6
1196,2022,3,Kajuru,Male,55-64,28
1197,2022,3,Kajuru,Female,55-64,6
1198,2022,4,Kajuru,Male,55-64,25
1199,2022,4,Kajuru,Female,55-64,8
1200,2022,1,Kaura,Male,55-64,1
1201,2022,1,Kaura,Female,55-64,0
1202,2022,2,Kaura,Male,55-64,3
1203,2022,2,Kaura,Female,55-64,3
1204,2022,3,Kaura,Male,55-64,4
1205,2022,3,Kaura,Female,55-64,1
1206,2022,4,Kaura,Male,55-64,3
1207,2022,4,Kaura,Female,55-64,0
1208,2022,1,Kauru,Male,55-64,40
1209,2022,1,Kauru,Female,55-64,15
1210,2022,2,Kauru,Male,55-64,14
1211,2022,2,Kauru,Female,55-64,20
1212,2022,3,Kauru,Male,55-64,43
1213,2022,3,Kauru,Female,55-64,6
1214,2022,4,Kauru,Male,55-64,24
1215,2022,4,Kauru,Female,55-64,12
1216,2022,1,Kubau,Male,55-64,4
1217,2022,1,Kubau,Female,55-64,3
1218,2022,2,Kubau,Male,55-64,5
1219,2022,2,Kubau,Female,55-64,3
1220,2022,3,Kubau,Male,55-64,7
1221,2022,3,Kubau,Female,55-64,0
1222,2022,4,Kubau,Male,55-64,3
1223,2022,4,Kubau,Female,55-64,3
1224,2022,1,Kudan,Male,55-64,3
1225,2022,1,Kudan,Female,55-64,2
1226,2022,2,Kudan,Male,55-64,4
1227,2022,2,Kudan,Female,55-64,0
1228,2022,3,Kudan,Male,55-64,4
1229,2022,3,Kudan,Female,55-64,2
1230,2022,4,Kudan,Male,55-64,6
1231,2022,4,Kudan,Female,55-64,0
1232,2022,1,Lere,Male,55-64,3
1233,2022,1,Lere,Female,55-64,1
1234,2022,2,Lere,Male,55-64,3
1235,2022,2,Lere,Female,55-64,2
1236,2022,3,Lere,Male,55-64,1
1237,2022,3,Lere,Female,55-64,1
1238,2022,4,Lere,Male,55-64,4
1239,2022,4,Lere,Female,55-64,1
1240,2022,1,Makarfi,Male,55-64,6
1241,2022,1,Makarfi,Female,55-64,2
1242,2022,2,Makarfi,Male,55-64,5
1243,2022,2,Makarfi,Female,55-64,4
1244,2022,3,Makarfi,Male,55-64,9
1245,2022,3,Makarfi,Female,55-64,11
1246,2022,4,Makarfi,Male,55-64,7
1247,2022,4,Makarfi,Female,55-64,5
1248,2022,1,Sabon – Gari,Male,55-64,8
1249,2022,1,Sabon – Gari,Female,55-64,1
1250,2022,2,Sabon – Gari,Male,55-64,4
1251,2022,2,Sabon – Gari,Female,55-64,5
1252,2022,3,Sabon – Gari,Male,55-64,9
1253,2022,3,Sabon – Gari,Female,55-64,6
1254,2022,4,Sabon – Gari,Male,55-64,5
1255,2022,4,Sabon – Gari,Female,55-64,4
1256,2022,1,Sanga,Male,55-64,4
1257,2022,1,Sanga,Female,55-64,0
1258,2022,2,Sanga,Male,55-64,3
1259,2022,2,Sanga,Female,55-64,1
1260,2022,3,Sanga,Male,55-64,0
1261,2022,3,Sanga,Female,55-64,0
1262,2022,4,Sanga,Male,55-64,2
1263,2022,4,Sanga,Female,55-64,1
1264,2022,1,Soba,Male,55-64,2
1265,2022,1,Soba,Female,55-64,3
1266,2022,2,Soba,Male,55-64,0
1267,2022,2,Soba,Female,55-64,4
1268,2022,3,Soba,Male,55-64,3
1269,2022,3,Soba,Female,55-64,0
1270,2022,4,Soba,Male,55-64,5
1271,2022,4,Soba,Female,55-64,1
1272,2022,1,Zangon – Kataf,Male,55-64,5
1273,2022,1,Zangon – Kataf,Female,55-64,1
1274,2022,2,Zangon – Kataf,Male,55-64,4
1275,2022,2,Zangon – Kataf,Female,55-64,2
1276,2022,3,Zangon – Kataf,Male,55-64,8
1277,2022,3,Zangon – Kataf,Female,55-64,6
1278,2022,4,Zangon – Kataf,Male,55-64,12
1279,2022,4,Zangon – Kataf,Female,55-64,4
1280,2022,1,Zaria,Male,55-64,25
1281,2022,1,Zaria,Female,55-64,8
1282,2022,2,Zaria,Male,55-64,45
1283,2022,2,Zaria,Female,55-64,33
1284,2022,3,Zaria,Male,55-64,34
1285,2022,3,Zaria,Female,55-64,23
1286,2022,4,Zaria,Male,55-64,13
1287,2022,4,Zaria,Female,55-64,15
1288,2022,1,Birni – Gwari,Male,>=65,15
1289,2022,1,Birni – Gwari,Female,>=65,3
1290,2022,2,Birni – Gwari,Male,>=65,14
1291,2022,2,Birni – Gwari,Female,>=65,6
1292,2022,3,Birni – Gwari,Male,>=65,15
1293,2022,3,Birni – Gwari,Female,>=65,15
1294,2022,4,Birni – Gwari,Male,>=65,14
1295,2022,4,Birni – Gwari,Female,>=65,12
1296,2022,1,Chikun,Male,>=65,0
1297,2022,1,Chikun,Female,>=65,0
1298,2022,2,Chikun,Male,>=65,3
1299,2022,2,Chikun,Female,>=65,3
1300,2022,3,Chikun,Male,>=65,9
1301,2022,3,Chikun,Female,>=65,3
1302,2022,4,Chikun,Male,>=65,5
1303,2022,4,Chikun,Female,>=65,3
1304,2022,1,Giwa,Male,>=65,2
1305,2022,1,Giwa,Female,>=65,1
1306,2022,2,Giwa,Male,>=65,0
1307,2022,2,Giwa,Female,>=65,0
1308,2022,3,Giwa,Male,>=65,6
1309,2022,3,Giwa,Female,>=65,1
1310,2022,4,Giwa,Male,>=65,0
1311,2022,4,Giwa,Female,>=65,0
1312,2022,1,Igabi,Male,>=65,8
1313,2022,1,Igabi,Female,>=65,3
1314,2022,2,Igabi,Male,>=65,1
1315,2022,2,Igabi,Female,>=65,1
1316,2022,3,Igabi,Male,>=65,4
1317,2022,3,Igabi,Female,>=65,3
1318,2022,4,Igabi,Male,>=65,3
1319,2022,4,Igabi,Female,>=65,5
1320,2022,1,Ikara,Male,>=65,3
1321,2022,1,Ikara,Female,>=65,1
1322,2022,2,Ikara,Male,>=65,0
1323,2022,2,Ikara,Female,>=65,1
1324,2022,3,Ikara,Male,>=65,3
1325,2022,3,Ikara,Female,>=65,1
1326,2022,4,Ikara,Male,>=65,2
1327,2022,4,Ikara,Female,>=65,0
1328,2022,1,Jaba,Male,>=65,2
1329,2022,1,Jaba,Female,>=65,0
1330,2022,2,Jaba,Male,>=65,0
1331,2022,2,Jaba,Female,>=65,0
1332,2022,3,Jaba,Male,>=65,0
1333,2022,3,Jaba,Female,>=65,0
1334,2022,4,Jaba,Male,>=65,1
1335,2022,4,Jaba,Female,>=65,0
1336,2022,1,Jema'a,Male,>=65,13
1337,2022,1,Jema'a,Female,>=65,2
1338,2022,2,Jema'a,Male,>=65,8
1339,2022,2,Jema'a,Female,>=65,2
1340,2022,3,Jema'a,Male,>=65,9
1341,2022,3,Jema'a,Female,>=65,4
1342,2022,4,Jema'a,Male,>=65,10
1343,2022,4,Jema'a,Female,>=65,3
1344,2022,1,Kachia,Male,>=65,11
1345,2022,1,Kachia,Female,>=65,8
1346,2022,2,Kachia,Male,>=65,28
1347,2022,2,Kachia,Female,>=65,14
1348,2022,3,Kachia,Male,>=65,7
1349,2022,3,Kachia,Female,>=65,19
1350,2022,4,Kachia,Male,>=65,21
1351,2022,4,Kachia,Female,>=65,31
1352,2022,1,Kaduna North,Male,>=65,6
1353,2022,1,Kaduna North,Female,>=65,7
1354,2022,2,Kaduna North,Male,>=65,6
1355,2022,2,Kaduna North,Female,>=65,5
1356,2022,3,Kaduna North,Male,>=65,6
1357,2022,3,Kaduna North,Female,>=65,5
1358,2022,4,Kaduna North,Male,>=65,8
1359,2022,4,Kaduna North,Female,>=65,6
1360,2022,1,Kaduna South,Male,>=65,7
1361,2022,1,Kaduna South,Female,>=65,0
1362,2022,2,Kaduna South,Male,>=65,8
1363,2022,2,Kaduna South,Female,>=65,6
1364,2022,3,Kaduna South,Male,>=65,13
1365,2022,3,Kaduna South,Female,>=65,4
1366,2022,4,Kaduna South,Male,>=65,12
1367,2022,4,Kaduna South,Female,>=65,5
1368,2022,1,Kagarko,Male,>=65,2
1369,2022,1,Kagarko,Female,>=65,1
1370,2022,2,Kagarko,Male,>=65,0
1371,2022,2,Kagarko,Female,>=65,1
1372,2022,3,Kagarko,Male,>=65,1
1373,2022,3,Kagarko,Female,>=65,2
1374,2022,4,Kagarko,Male,>=65,9
1375,2022,4,Kagarko,Female,>=65,8
1376,2022,1,Kajuru,Male,>=65,0
1377,2022,1,Kajuru,Female,>=65,0
1378,2022,2,Kajuru,Male,>=65,2
1379,2022,2,Kajuru,Female,>=65,1
1380,2022,3,Kajuru,Male,>=65,0
1381,2022,3,Kajuru,Female,>=65,4
1382,2022,4,Kajuru,Male,>=65,10
1383,2022,4,Kajuru,Female,>=65,4
1384,2022,1,Kaura,Male,>=65,2
1385,2022,1,Kaura,Female,>=65,0
1386,2022,2,Kaura,Male,>=65,1
1387,2022,2,Kaura,Female,>=65,1
1388,2022,3,Kaura,Male,>=65,0
1389,2022,3,Kaura,Female,>=65,1
1390,2022,4,Kaura,Male,>=65,2
1391,2022,4,Kaura,Female,>=65,3
1392,2022,1,Kauru,Male,>=65,15
1393,2022,1,Kauru,Female,>=65,15
1394,2022,2,Kauru,Male,>=65,4
1395,2022,2,Kauru,Female,>=65,15
1396,2022,3,Kauru,Male,>=65,34
1397,2022,3,Kauru,Female,>=65,5
1398,2022,4,Kauru,Male,>=65,20
1399,2022,4,Kauru,Female,>=65,10
1400,2022,1,Kubau,Male,>=65,1
1401,2022,1,Kubau,Female,>=65,2
1402,2022,2,Kubau,Male,>=65,1
1403,2022,2,Kubau,Female,>=65,2
1404,2022,3,Kubau,Male,>=65,3
1405,2022,3,Kubau,Female,>=65,2
1406,2022,4,Kubau,Male,>=65,0
1407,2022,4,Kubau,Female,>=65,2
1408,2022,1,Kudan,Male,>=65,0
1409,2022,1,Kudan,Female,>=65,0
1410,2022,2,Kudan,Male,>=65,1
1411,2022,2,Kudan,Female,>=65,1
1412,2022,3,Kudan,Male,>=65,1
1413,2022,3,Kudan,Female,>=65,0
1414,2022,4,Kudan,Male,>=65,2
1415,2022,4,Kudan,Female,>=65,1
1416,2022,1,Lere,Male,>=65,3
1417,2022,1,Lere,Female,>=65,1
1418,2022,2,Lere,Male,>=65,1
1419,2022,2,Lere,Female,>=65,0
1420,2022,3,Lere,Male,>=65,5
1421,2022,3,Lere,Female,>=65,0
1422,2022,4,Lere,Male,>=65,1
1423,2022,4,Lere,Female,>=65,0
1424,2022,1,Makarfi,Male,>=65,5
1425,2022,1,Makarfi,Female,>=65,3
1426,2022,2,Makarfi,Male,>=65,6
1427,2022,2,Makarfi,Female,>=65,3
1428,2022,3,Makarfi,Male,>=65,14
1429,2022,3,Makarfi,Female,>=65,4
1430,2022,4,Makarfi,Male,>=65,14
1431,2022,4,Makarfi,Female,>=65,5
1432,2022,1,Sabon – Gari,Male,>=65,7
1433,2022,1,Sabon – Gari,Female,>=65,2
1434,2022,2,Sabon – Gari,Male,>=65,1
1435,2022,2,Sabon – Gari,Female,>=65,1
1436,2022,3,Sabon – Gari,Male,>=65,4
1437,2022,3,Sabon – Gari,Female,>=65,1
1438,2022,4,Sabon – Gari,Male,>=65,0
1439,2022,4,Sabon – Gari,Female,>=65,1
1440,2022,1,Sanga,Male,>=65,1
1441,2022,1,Sanga,Female,>=65,1
1442,2022,2,Sanga,Male,>=65,5
1443,2022,2,Sanga,Female,>=65,0
1444,2022,3,Sanga,Male,>=65,0
1445,2022,3,Sanga,Female,>=65,4
1446,2022,4,Sanga,Male,>=65,2
1447,2022,4,Sanga,Female,>=65,1
1448,2022,1,Soba,Male,>=65,0
1449,2022,1,Soba,Female,>=65,2
1450,2022,2,Soba,Male,>=65,0
1451,2022,2,Soba,Female,>=65,2
1452,2022,3,Soba,Male,>=65,1
1453,2022,3,Soba,Female,>=65,1
1454,2022,4,Soba,Male,>=65,2
1455,2022,4,Soba,Female,>=65,1
1456,2022,1,Zangon – Kataf,Male,>=65,3
1457,2022,1,Zangon – Kataf,Female,>=65,1
1458,2022,2,Zangon – Kataf,Male,>=65,10
1459,2022,2,Zangon – Kataf,Female,>=65,1
1460,2022,3,Zangon – Kataf,Male,>=65,4
1461,2022,3,Zangon – Kataf,Female,>=65,3
1462,2022,4,Zangon – Kataf,Male,>=65,3
1463,2022,4,Zangon – Kataf,Female,>=65,1
1464,2022,1,Zaria,Male,>=65,15
1465,2022,1,Zaria,Female,>=65,4
1466,2022,2,Zaria,Male,>=65,26
1467,2022,2,Zaria,Female,>=65,22
1468,2022,3,Zaria,Male,>=65,30
1469,2022,3,Zaria,Female,>=65,8
1470,2022,4,Zaria,Male,>=65,6
1471,2022,4,Zaria,Female,>=65,10
